Pollutant:,PM10,Unit: grams,,,,,,,,,,,,,,,,,,,,,,,,,,,,,,,,,,
,2015.0,2016.0,2017.0,2018.0,2019.0,2020.0,2021.0,2022.0,2023.0,2024.0,2025.0,2026.0,2027.0,2028.0,2029.0,2030.0,2031.0,2032.0,2033.0,2034.0,2035.0,2036.0,2037.0,2038.0,2039.0,2040.0,2041.0,2042.0,2043.0,2044.0,2045.0,2046.0,2047.0,2048.0,2049.0,2050.0
agriculture and forestry 01T03,0.0,0.0,0.0,0.0,0.0,560105.2631578947,563957.8947368421,567810.5263157894,600456.6929133858,613118.219907277,619586.0480938235,624645.1792177416,629562.1808193419,633995.0144916127,638915.226828317,643684.9815508308,642546.5982328965,642938.4316851147,640206.7205255309,639019.225966485,637655.8964408853,637138.4809459985,636404.1987069403,636430.4716171557,636422.4186355134,636406.8039202304,636158.1485859671,637076.4801518609,637727.7251968692,638673.4956663173,640378.9860932704,645828.7325316767,651360.2040669499,657049.9182245886,661983.6915485671,667043.0345120472
coal mining 05,0.0,0.0,0.0,0.0,0.0,773968494.0,787929396.0,796614699.3377484,893282234.5393353,798417326.7403024,836074129.0869399,957409099.3220507,1005001829.8396707,1091482279.3022797,1189229261.8749914,1229755107.3946633,1238907460.3321419,1204800631.154484,1201955010.2572944,1212171792.5908403,1187617409.5668077,1183090513.8875082,1197346535.565674,1207754719.617495,1239622647.049863,1213172560.7914886,1187810552.2255483,1163163695.1850622,1163535464.9024217,1189465570.2749393,1196045478.4083517,1204233330.880548,1224634569.9704268,1234796020.2561977,1238187026.7888896,1233076572.3529108
oil and gas extraction 06,0.0,0.0,0.0,0.0,0.0,1942117.539964476,1977174.431616341,1873366.4820173625,1879477.96875,2033771.482299431,2068857.2845155764,1997066.1765466987,2036696.912166408,2100628.0423602387,2145934.1946531762,2204368.4992158967,2246040.358281424,2280290.0848438595,2296437.0565973883,2302729.1840070426,2319040.965632712,2316101.940895907,2321526.112328843,2330310.054530908,2332357.400038916,2370920.846022139,2379653.2259248677,2400678.5466860207,2406374.0505022765,2416877.83059442,2434495.3271956234,2454074.180995303,2463035.306886978,2453051.6109724604,2464220.386389958,2486436.437419874
other mining and quarrying 07T08,0.0,0.0,0.0,0.0,0.0,0.0,0.0,0.0,0.0,0.0,0.0,0.0,0.0,0.0,0.0,0.0,0.0,0.0,0.0,0.0,0.0,0.0,0.0,0.0,0.0,0.0,0.0,0.0,0.0,0.0,0.0,0.0,0.0,0.0,0.0,0.0
food beverage and tobacco 10T12,0.0,0.0,0.0,0.0,0.0,0.0,0.0,0.0,0.0,0.0,0.0,0.0,0.0,0.0,0.0,0.0,0.0,0.0,0.0,0.0,0.0,0.0,0.0,0.0,0.0,0.0,0.0,0.0,0.0,0.0,0.0,0.0,0.0,0.0,0.0,0.0
textiles apparel and leather 13T15,0.0,0.0,0.0,0.0,0.0,0.0,0.0,0.0,0.0,0.0,0.0,0.0,0.0,0.0,0.0,0.0,0.0,0.0,0.0,0.0,0.0,0.0,0.0,0.0,0.0,0.0,0.0,0.0,0.0,0.0,0.0,0.0,0.0,0.0,0.0,0.0
wood products 16,0.0,0.0,0.0,0.0,0.0,0.0,0.0,0.0,0.0,0.0,0.0,0.0,0.0,0.0,0.0,0.0,0.0,0.0,0.0,0.0,0.0,0.0,0.0,0.0,0.0,0.0,0.0,0.0,0.0,0.0,0.0,0.0,0.0,0.0,0.0,0.0
pulp paper and printing 17T18,0.0,0.0,0.0,0.0,0.0,1072459632.3789325,1087852845.5284553,1152582898.7101188,1194380595.7756634,1182366176.9442775,1181319374.3377936,1185919403.2737393,1184953438.5321558,1189922796.444686,1198042572.5358055,1204218304.5713065,1216240213.6183443,1227854138.6871145,1234858003.5391905,1243719714.9436498,1252354366.026399,1254898295.8917716,1259608540.2377038,1271726615.928614,1272412230.8409877,1284033835.1456363,1300248745.0853903,1312663391.9969287,1322046808.0686173,1326994437.2713444,1331273032.299715,1335857433.4349053,1335650927.2319388,1337582669.1639042,1341235394.526622,1345637103.1860044
refined petroleum and coke 19,0.0,0.0,0.0,0.0,0.0,158399031.82224208,158852659.33452433,159343895.6890775,147393712.7829865,192853814.12255055,202673570.0161045,214149018.4487371,222991934.06949946,221529359.99975634,216872470.48679435,215648220.56859276,212601940.4648841,218026994.53459516,219262338.5717242,218892444.3387177,222760869.5422335,223133755.7052181,225713275.18993935,223233699.7597844,223402587.42007864,223797677.10713398,221553479.02179596,223575892.62757263,222652050.37198347,224123380.813528,224827939.5994095,241342087.75038955,241227121.24591506,230944495.43444994,224663476.53279266,226942637.5106383
chemicals 20,0.0,0.0,0.0,0.0,0.0,935862747.5693194,882486130.6130469,835781861.5077189,908747297.3911608,989116063.6870908,904874905.7430364,845600221.8902786,869788553.3427225,897763399.6997042,926437020.7746775,953507102.4748354,973028300.7016661,992474476.0730262,1017549385.0099272,1037524010.0892252,1055466830.5036514,1079317058.7047732,1102288837.1415057,1121225792.3269448,1133841503.370138,1149734227.0137053,1167181882.2194333,1200681892.908801,1233282343.906748,1258263424.8455055,1285902476.704559,1299520456.383902,1303888467.8969178,1308546436.838718,1326963132.1082876,1350447478.5124087
rubber and plastic products 22,0.0,0.0,0.0,0.0,0.0,0.0,0.0,0.0,0.0,0.0,0.0,0.0,0.0,0.0,0.0,0.0,0.0,0.0,0.0,0.0,0.0,0.0,0.0,0.0,0.0,0.0,0.0,0.0,0.0,0.0,0.0,0.0,0.0,0.0,0.0,0.0
glass and glass products 231,0.0,0.0,0.0,0.0,0.0,0.0,0.0,0.0,0.0,0.0,0.0,0.0,0.0,0.0,0.0,0.0,0.0,0.0,0.0,0.0,0.0,0.0,0.0,0.0,0.0,0.0,0.0,0.0,0.0,0.0,0.0,0.0,0.0,0.0,0.0,0.0
cement and other nonmetallic minerals 239,0.0,0.0,0.0,0.0,0.0,604936505.487341,633037903.944366,603628435.515873,629230746.2981244,715900532.9617665,651550515.113745,603181610.1820793,573230423.9102745,548796242.6621525,541432801.7492107,533066346.9884512,525616316.940207,518909077.23951113,430503415.1304329,414046631.81739354,395751764.59597623,378291544.44845945,367439290.4856007,358244420.4993714,343375230.295862,333802143.2212891,323411227.1914149,314431325.2338833,307707370.40161157,302731592.76355416,294914321.24462646,289899743.4466473,285395763.5213551,280604358.81217265,277215206.8514312,274692037.26219666
iron and steel 241,0.0,0.0,0.0,0.0,0.0,490783253.41867906,496446286.2961886,585595429.2500849,570028008.19135,552588947.9179769,515680273.36914647,463928850.12960213,444613959.5675292,450789431.0256946,452247915.72920287,447030948.4310242,437390656.4123155,421135965.1009745,421143760.6482383,428311789.8934528,430272331.47142774,434793425.26301944,439587668.23871857,443708453.2634065,449027817.56076825,452854382.9888609,454178622.7209007,458687457.37306124,467126329.40211314,472020135.3470092,473504248.1625412,472108173.61567235,466567865.88870883,460176229.781319,460433976.8610901,464744630.41071963
other metals 242,0.0,0.0,0.0,0.0,0.0,187469535.88516745,193185258.90483785,195887104.71204188,212779853.5634744,219888582.50019097,217446384.77131552,216478038.8946579,221208261.383773,229240452.50412008,235835006.13353017,241402125.39319235,244590578.27511883,245093389.7606832,244967193.39225093,245568261.62037867,247070585.38460135,249399908.28114384,251916001.3068893,253876065.56722406,255331931.88196453,257866267.15756825,259798256.21283683,261308699.00580284,263779863.7249693,266384034.34364688,267687825.5809156,268111349.10768327,268451283.3274751,269093124.31352484,269777674.9792388,269714650.8881526
metal products except machinery and vehicles 25,0.0,0.0,0.0,0.0,0.0,0.0,0.0,0.0,0.0,0.0,0.0,0.0,0.0,0.0,0.0,0.0,0.0,0.0,0.0,0.0,0.0,0.0,0.0,0.0,0.0,0.0,0.0,0.0,0.0,0.0,0.0,0.0,0.0,0.0,0.0,0.0
computers and electronics 26,0.0,0.0,0.0,0.0,0.0,0.0,0.0,0.0,0.0,0.0,0.0,0.0,0.0,0.0,0.0,0.0,0.0,0.0,0.0,0.0,0.0,0.0,0.0,0.0,0.0,0.0,0.0,0.0,0.0,0.0,0.0,0.0,0.0,0.0,0.0,0.0
appliances and electrical equipment 27,0.0,0.0,0.0,0.0,0.0,0.0,0.0,0.0,0.0,0.0,0.0,0.0,0.0,0.0,0.0,0.0,0.0,0.0,0.0,0.0,0.0,0.0,0.0,0.0,0.0,0.0,0.0,0.0,0.0,0.0,0.0,0.0,0.0,0.0,0.0,0.0
other machinery 28,0.0,0.0,0.0,0.0,0.0,0.0,0.0,0.0,0.0,0.0,0.0,0.0,0.0,0.0,0.0,0.0,0.0,0.0,0.0,0.0,0.0,0.0,0.0,0.0,0.0,0.0,0.0,0.0,0.0,0.0,0.0,0.0,0.0,0.0,0.0,0.0
road vehicles 29,0.0,0.0,0.0,0.0,0.0,0.0,0.0,0.0,0.0,0.0,0.0,0.0,0.0,0.0,0.0,0.0,0.0,0.0,0.0,0.0,0.0,0.0,0.0,0.0,0.0,0.0,0.0,0.0,0.0,0.0,0.0,0.0,0.0,0.0,0.0,0.0
nonroad vehicles 30,0.0,0.0,0.0,0.0,0.0,0.0,0.0,0.0,0.0,0.0,0.0,0.0,0.0,0.0,0.0,0.0,0.0,0.0,0.0,0.0,0.0,0.0,0.0,0.0,0.0,0.0,0.0,0.0,0.0,0.0,0.0,0.0,0.0,0.0,0.0,0.0
other manufacturing 31T33,0.0,0.0,0.0,0.0,0.0,475071805.2930057,479040008.50661623,520857215.7442194,566333240.9298475,557087467.2617252,541997634.2350907,534326236.08658016,533254634.1271392,535166962.0107998,543187184.5003315,553016101.1797752,562538268.2537386,578719895.2772163,592526671.4565375,606848209.9497668,619091347.970197,626421223.9531797,635836335.5757396,649651621.8869061,658105429.0653014,670822033.2764335,683238128.1293718,693732352.8967639,702048441.7034409,710221107.3304658,719703807.8691999,736102113.517122,746307591.5458887,755192362.3329979,764960661.2512975,774980723.7632264
energy pipelines and gas processing 352T353,0.0,0.0,0.0,0.0,0.0,630493858.9132508,628099710.2001907,724664608.5900408,792400903.5409036,910010153.3330524,926889240.2520105,932149878.1488576,993249083.0504518,1069972393.6060432,1081969217.6706948,1099270000.463953,1086519620.9635522,1063987969.061971,1025804302.3563566,1000265717.5668534,989804546.7871342,988839950.7415061,989686520.8097422,977436089.0574955,981885194.0841128,977164676.1301197,967134214.8069373,966248631.3055334,971715986.3966533,976449564.8283104,981752297.0998942,985027883.080458,978523523.7198901,974438423.8091236,979240541.2095504,990196909.7353114
water and waste 36T39,0.0,0.0,0.0,0.0,0.0,0.0,0.0,0.0,0.0,0.0,0.0,0.0,0.0,0.0,0.0,0.0,0.0,0.0,0.0,0.0,0.0,0.0,0.0,0.0,0.0,0.0,0.0,0.0,0.0,0.0,0.0,0.0,0.0,0.0,0.0,0.0
construction 41T43,0.0,0.0,0.0,0.0,0.0,0.0,0.0,0.0,0.0,0.0,0.0,0.0,0.0,0.0,0.0,0.0,0.0,0.0,0.0,0.0,0.0,0.0,0.0,0.0,0.0,0.0,0.0,0.0,0.0,0.0,0.0,0.0,0.0,0.0,0.0,0.0
