Pollutant:,BC,Unit: grams,,,,,,,,,,,,,,,,,,,,,,,,,,,,,,,,,,
,2015.0,2016.0,2017.0,2018.0,2019.0,2020.0,2021.0,2022.0,2023.0,2024.0,2025.0,2026.0,2027.0,2028.0,2029.0,2030.0,2031.0,2032.0,2033.0,2034.0,2035.0,2036.0,2037.0,2038.0,2039.0,2040.0,2041.0,2042.0,2043.0,2044.0,2045.0,2046.0,2047.0,2048.0,2049.0,2050.0
agriculture and forestry 01T03,0.0,0.0,0.0,0.0,0.0,6667.919799498747,6713.784461152882,6759.649122807017,7148.293963254593,7299.026427467583,7376.024382069329,7436.25213354454,7494.787866896925,7547.5596963287235,7606.133652718057,7662.916447033696,7649.36426467734,7654.028948632317,7621.508577684892,7607.371737696251,7591.1416242962505,7584.981916023791,7576.24046079691,7576.553233537566,7576.457364708493,7576.27147524084,7573.311292690084,7584.243811331678,7591.996728534158,7603.255900789491,7623.55935825322,7688.437292043769,7754.288143654165,7822.022836007011,7880.758232721038,7940.988506095802
coal mining 05,0.0,0.0,0.0,0.0,0.0,85939.90476190476,87490.09523809524,88454.49385052035,99188.2625157762,88654.65397137495,92835.98955854152,106308.78059219559,111593.38165767936,121195.99681346286,132049.62514353596,136549.53351365143,137565.79237417583,133778.63866703998,133462.66664648775,134597.11760608724,131870.6483054225,131367.990914893,132950.95088652358,134106.65470792213,137645.2052687374,134708.24089407528,131892.09447774902,129155.35704830574,129196.63760991898,132075.8643529397,132806.4841168077,133715.64678572773,135980.95933785476,137109.2663381679,137485.79688266126,136918.3423015991
oil and gas extraction 06,0.0,0.0,0.0,0.0,0.0,88058.37033747778,89647.89964476021,84941.09962794543,85218.203125,92214.09038579625,93804.93053916481,90549.81963965819,92346.7335349989,95245.46186778805,97299.70722373635,99949.2016676674,101838.663001872,103391.59429646682,104123.72095164705,104409.01495381129,105148.6143229018,105015.35476297354,105261.29440719516,105659.57083461806,105752.40039062747,107500.92185650232,107896.86037596807,108850.17831061983,109108.42055084986,109584.67687327322,110383.47921566718,111271.21228186828,111677.52246967713,111224.84750326214,111731.2556591496,112738.56299702806
other mining and quarrying 07T08,0.0,0.0,0.0,0.0,0.0,0.0,0.0,0.0,0.0,0.0,0.0,0.0,0.0,0.0,0.0,0.0,0.0,0.0,0.0,0.0,0.0,0.0,0.0,0.0,0.0,0.0,0.0,0.0,0.0,0.0,0.0,0.0,0.0,0.0,0.0,0.0
food beverage and tobacco 10T12,0.0,0.0,0.0,0.0,0.0,0.0,0.0,0.0,0.0,0.0,0.0,0.0,0.0,0.0,0.0,0.0,0.0,0.0,0.0,0.0,0.0,0.0,0.0,0.0,0.0,0.0,0.0,0.0,0.0,0.0,0.0,0.0,0.0,0.0,0.0,0.0
textiles apparel and leather 13T15,0.0,0.0,0.0,0.0,0.0,0.0,0.0,0.0,0.0,0.0,0.0,0.0,0.0,0.0,0.0,0.0,0.0,0.0,0.0,0.0,0.0,0.0,0.0,0.0,0.0,0.0,0.0,0.0,0.0,0.0,0.0,0.0,0.0,0.0,0.0,0.0
wood products 16,0.0,0.0,0.0,0.0,0.0,0.0,0.0,0.0,0.0,0.0,0.0,0.0,0.0,0.0,0.0,0.0,0.0,0.0,0.0,0.0,0.0,0.0,0.0,0.0,0.0,0.0,0.0,0.0,0.0,0.0,0.0,0.0,0.0,0.0,0.0,0.0
pulp paper and printing 17T18,0.0,0.0,0.0,0.0,0.0,25125867.797808412,25486504.06504065,27003016.863923255,27982264.360998884,27700787.3803173,27676262.612105213,27784033.30614457,27761402.428802796,27877825.859746534,28068058.120666914,28212744.80349756,28494397.266931657,28766491.373862546,28930579.771256693,29138194.288846392,29340489.17719021,29400089.038625065,29510441.888427667,29794347.369418353,29810410.136844203,30082684.15494344,30462571.351812474,30753424.98176577,30973262.134224456,31089176.49921043,31189416.554684352,31296821.11647602,31291983.034558058,31337240.395242456,31422817.410725817,31525941.80489511
refined petroleum and coke 19,0.0,0.0,0.0,0.0,0.0,7694191.268423404,7716226.105404198,7740087.781996873,7159610.7935056025,9367823.247613555,9844815.304856816,10402232.191285068,10831774.489454096,10760730.339074016,10534523.157019677,10475055.539556172,10327083.285524776,10590603.85868547,10650610.370055081,10632642.855070312,10820550.590875436,10838663.438071186,10963962.91792119,10843518.194209075,10851721.867844142,10870913.245376026,10761901.914219672,10860140.122671418,10815264.728329794,10886734.217164816,10920957.974697014,11723128.373385515,11717543.905698359,11218068.06405416,10912969.22453495,11023678.868990041
chemicals 20,0.0,0.0,0.0,0.0,0.0,16693343.896290962,12680533.271566039,11913111.667564232,12963389.564762129,14366298.237170769,12895252.39156341,11884251.172768427,12341991.14964209,12855138.05925464,13365350.640188327,13826711.580390219,14159414.921901694,14479330.331394346,14934809.757421374,15305850.668647276,15627943.473960938,16065128.365964897,16481124.516895508,16816583.171452604,17057497.565998238,17338384.06907378,17636184.106660325,18209584.945424795,18790784.913312092,19236303.998989135,19738324.296198152,19969928.92787421,20068111.534015577,20158113.57712758,20474757.384632383,20883433.66000728
rubber and plastic products 22,0.0,0.0,0.0,0.0,0.0,0.0,0.0,0.0,0.0,0.0,0.0,0.0,0.0,0.0,0.0,0.0,0.0,0.0,0.0,0.0,0.0,0.0,0.0,0.0,0.0,0.0,0.0,0.0,0.0,0.0,0.0,0.0,0.0,0.0,0.0,0.0
glass and glass products 231,0.0,0.0,0.0,0.0,0.0,0.0,0.0,0.0,0.0,0.0,0.0,0.0,0.0,0.0,0.0,0.0,0.0,0.0,0.0,0.0,0.0,0.0,0.0,0.0,0.0,0.0,0.0,0.0,0.0,0.0,0.0,0.0,0.0,0.0,0.0,0.0
cement and other nonmetallic minerals 239,0.0,0.0,0.0,0.0,0.0,11091146.365315657,11606368.575464522,11067163.69047619,11536566.633761106,13125604.955332946,11945786.14775725,11058971.417184887,10509834.46191418,10061848.469861591,9926844.217056587,9773450.309648698,9636858.497216241,9513885.298288949,7893020.746257138,7591295.539113026,7255870.170919565,6935747.553967012,6736778.0158356065,6568195.614373224,6295577.970397543,6120061.186489018,5929550.001411513,5764908.909241134,5641629.248446951,5550401.363265017,5407076.399723608,5315137.13698587,5232559.378618296,5144711.860006084,5082573.800705798,5036313.006449103
iron and steel 241,0.0,0.0,0.0,0.0,0.0,6692800.116380564,6770026.767529823,7985751.6118086185,7773459.043250328,7535642.973092713,7032320.213819317,6326587.226664991,6063190.501325953,6147405.265798886,6167294.588683042,6096150.923740956,5964686.479721483,5743021.622287019,5743127.929988576,5840878.182533694,5867614.043649245,5929268.097335384,5994647.080261565,6050842.132355739,6123382.182857591,6175564.968973618,6193623.596220933,6255110.472300173,6370191.179118785,6436927.90000197,6457166.712869616,6438128.475878696,6362575.424829145,6275412.827928335,6278927.7190202195,6337712.003890727
other metals 242,0.0,0.0,0.0,0.0,0.0,2016148.3253588516,2077618.2881446038,2106675.392670157,2288349.109131403,2364800.207564645,2338535.498271912,2328121.3853421872,2378992.7448138716,2465375.252775964,2536296.6331146224,2596168.4310547225,2630458.7700584927,2635866.2754956037,2634509.091803437,2640973.3031530026,2657130.1017874177,2682180.8943597167,2709240.3134613405,2730319.899845394,2745977.0700546815,2773232.676133187,2794010.326645838,2810254.441686772,2836830.6775893616,2864837.330547696,2878859.003494318,2883413.8035326856,2887069.6391580827,2893972.342699011,2901334.369130589,2900656.5741219204
metal products except machinery and vehicles 25,0.0,0.0,0.0,0.0,0.0,0.0,0.0,0.0,0.0,0.0,0.0,0.0,0.0,0.0,0.0,0.0,0.0,0.0,0.0,0.0,0.0,0.0,0.0,0.0,0.0,0.0,0.0,0.0,0.0,0.0,0.0,0.0,0.0,0.0,0.0,0.0
computers and electronics 26,0.0,0.0,0.0,0.0,0.0,0.0,0.0,0.0,0.0,0.0,0.0,0.0,0.0,0.0,0.0,0.0,0.0,0.0,0.0,0.0,0.0,0.0,0.0,0.0,0.0,0.0,0.0,0.0,0.0,0.0,0.0,0.0,0.0,0.0,0.0,0.0
appliances and electrical equipment 27,0.0,0.0,0.0,0.0,0.0,0.0,0.0,0.0,0.0,0.0,0.0,0.0,0.0,0.0,0.0,0.0,0.0,0.0,0.0,0.0,0.0,0.0,0.0,0.0,0.0,0.0,0.0,0.0,0.0,0.0,0.0,0.0,0.0,0.0,0.0,0.0
other machinery 28,0.0,0.0,0.0,0.0,0.0,0.0,0.0,0.0,0.0,0.0,0.0,0.0,0.0,0.0,0.0,0.0,0.0,0.0,0.0,0.0,0.0,0.0,0.0,0.0,0.0,0.0,0.0,0.0,0.0,0.0,0.0,0.0,0.0,0.0,0.0,0.0
road vehicles 29,0.0,0.0,0.0,0.0,0.0,0.0,0.0,0.0,0.0,0.0,0.0,0.0,0.0,0.0,0.0,0.0,0.0,0.0,0.0,0.0,0.0,0.0,0.0,0.0,0.0,0.0,0.0,0.0,0.0,0.0,0.0,0.0,0.0,0.0,0.0,0.0
nonroad vehicles 30,0.0,0.0,0.0,0.0,0.0,0.0,0.0,0.0,0.0,0.0,0.0,0.0,0.0,0.0,0.0,0.0,0.0,0.0,0.0,0.0,0.0,0.0,0.0,0.0,0.0,0.0,0.0,0.0,0.0,0.0,0.0,0.0,0.0,0.0,0.0,0.0
other manufacturing 31T33,0.0,0.0,0.0,0.0,0.0,4790633.270321362,4830648.708254568,5252334.2345948,5710915.351867956,5617680.791427036,5465514.62341712,5388156.096157285,5377350.041278335,5396633.992632967,5477510.071292347,5576625.057134789,5672646.774024411,5835822.613808868,5975050.41176194,6119469.082841648,6242929.123366756,6316843.734505903,6411785.902153603,6551099.516440752,6636347.871486204,6764582.35423305,6889786.494801371,6995610.460266745,7079470.060588933,7161883.378794362,7257507.114379623,7422867.945602564,7525780.183372583,7615374.3837811975,7713878.098948187,7814920.603061311
energy pipelines and gas processing 352T353,0.0,0.0,0.0,0.0,0.0,2390465.2049571024,2381387.988560534,2747505.7966213976,3004322.3443223443,3450228.0663762083,3514223.725335939,3534168.997871926,3765821.568793955,4056711.641233968,4102196.6052683094,4167791.089181425,4119449.082174027,4034022.1916191005,3889251.9843171947,3792424.5569598824,3752761.895066337,3749104.709113903,3752314.4093561308,3705867.9127956033,3722736.3257214027,3704838.8731786483,3666809.210488415,3663451.594048125,3684180.617691581,3702127.587952821,3722232.457821456,3734651.570556162,3709990.8311815173,3694502.5134803844,3712709.343560579,3754249.5066617113
water and waste 36T39,0.0,0.0,0.0,0.0,0.0,0.0,0.0,0.0,0.0,0.0,0.0,0.0,0.0,0.0,0.0,0.0,0.0,0.0,0.0,0.0,0.0,0.0,0.0,0.0,0.0,0.0,0.0,0.0,0.0,0.0,0.0,0.0,0.0,0.0,0.0,0.0
construction 41T43,0.0,0.0,0.0,0.0,0.0,0.0,0.0,0.0,0.0,0.0,0.0,0.0,0.0,0.0,0.0,0.0,0.0,0.0,0.0,0.0,0.0,0.0,0.0,0.0,0.0,0.0,0.0,0.0,0.0,0.0,0.0,0.0,0.0,0.0,0.0,0.0
