Pollutant:,CO2,Unit: grams of CO2,,,,,,,,,,,,,,,,,,,,,,,,,,,,,,,,,,
,2015.0,2016.0,2017.0,2018.0,2019.0,2020.0,2021.0,2022.0,2023.0,2024.0,2025.0,2026.0,2027.0,2028.0,2029.0,2030.0,2031.0,2032.0,2033.0,2034.0,2035.0,2036.0,2037.0,2038.0,2039.0,2040.0,2041.0,2042.0,2043.0,2044.0,2045.0,2046.0,2047.0,2048.0,2049.0,2050.0
agriculture and forestry 01T03,0.0,0.0,0.0,0.0,0.0,87564966576.01785,86276980406.01617,84988994236.01451,84988994236.01451,84988994236.01451,84988994236.01451,84988994236.01451,84988994236.01451,84988994236.01451,84988994236.01451,84988994236.01451,84988994236.01451,84988994236.01451,84988994236.01451,84988994236.01451,84988994236.01451,84988994236.01451,84988994236.01451,84988994236.01451,84988994236.01451,84988994236.01451,84988994236.01451,84988994236.01451,84988994236.01451,84988994236.01451,84988994236.01451,84988994236.01451,84988994236.01451,84988994236.01451,84988994236.01451,84988994236.01451
coal mining 05,0.0,0.0,0.0,0.0,0.0,824027106.4970561,0.0,0.0,0.0,0.0,0.0,0.0,0.0,0.0,0.0,0.0,0.0,0.0,0.0,0.0,0.0,0.0,0.0,0.0,0.0,0.0,0.0,0.0,0.0,0.0,0.0,0.0,0.0,0.0,0.0,0.0
oil and gas extraction 06,0.0,0.0,0.0,0.0,0.0,600031422.3395861,474519146.1951789,493621360.6948019,493621360.6948019,493621360.6948019,493621360.6948019,493621360.6948019,493621360.6948019,493621360.6948019,493621360.6948019,493621360.6948019,493621360.6948019,493621360.6948019,493621360.6948019,493621360.6948019,493621360.6948019,493621360.6948019,493621360.6948019,493621360.6948019,493621360.6948019,493621360.6948019,493621360.6948019,493621360.6948019,493621360.6948019,493621360.6948019,493621360.6948019,493621360.6948019,493621360.6948019,493621360.6948019,493621360.6948019,493621360.6948019
other mining and quarrying 07T08,0.0,0.0,0.0,0.0,0.0,0.0,0.0,0.0,0.0,0.0,0.0,0.0,0.0,0.0,0.0,0.0,0.0,0.0,0.0,0.0,0.0,0.0,0.0,0.0,0.0,0.0,0.0,0.0,0.0,0.0,0.0,0.0,0.0,0.0,0.0,0.0
food beverage and tobacco 10T12,0.0,0.0,0.0,0.0,0.0,0.0,0.0,0.0,0.0,0.0,0.0,0.0,0.0,0.0,0.0,0.0,0.0,0.0,0.0,0.0,0.0,0.0,0.0,0.0,0.0,0.0,0.0,0.0,0.0,0.0,0.0,0.0,0.0,0.0,0.0,0.0
textiles apparel and leather 13T15,0.0,0.0,0.0,0.0,0.0,0.0,0.0,0.0,0.0,0.0,0.0,0.0,0.0,0.0,0.0,0.0,0.0,0.0,0.0,0.0,0.0,0.0,0.0,0.0,0.0,0.0,0.0,0.0,0.0,0.0,0.0,0.0,0.0,0.0,0.0,0.0
wood products 16,0.0,0.0,0.0,0.0,0.0,0.0,0.0,0.0,0.0,0.0,0.0,0.0,0.0,0.0,0.0,0.0,0.0,0.0,0.0,0.0,0.0,0.0,0.0,0.0,0.0,0.0,0.0,0.0,0.0,0.0,0.0,0.0,0.0,0.0,0.0,0.0
pulp paper and printing 17T18,0.0,0.0,0.0,0.0,0.0,0.0,0.0,0.0,0.0,0.0,0.0,0.0,0.0,0.0,0.0,0.0,0.0,0.0,0.0,0.0,0.0,0.0,0.0,0.0,0.0,0.0,0.0,0.0,0.0,0.0,0.0,0.0,0.0,0.0,0.0,0.0
refined petroleum and coke 19,0.0,0.0,0.0,0.0,0.0,0.0,0.0,0.0,0.0,0.0,0.0,0.0,0.0,0.0,0.0,0.0,0.0,0.0,0.0,0.0,0.0,0.0,0.0,0.0,0.0,0.0,0.0,0.0,0.0,0.0,0.0,0.0,0.0,0.0,0.0,0.0
chemicals 20,0.0,0.0,0.0,0.0,0.0,1344965488206.3838,1439708417483.619,1482270128398.0266,1482270128398.0266,1482270128398.0266,1482270128398.0266,1482270128398.0266,1482270128398.0266,1482270128398.0266,1482270128398.0266,1482270128398.0266,1482270128398.0266,1482270128398.0266,1482270128398.0266,1482270128398.0266,1482270128398.0266,1482270128398.0266,1482270128398.0266,1482270128398.0266,1482270128398.0266,1482270128398.0266,1482270128398.0266,1482270128398.0266,1482270128398.0266,1482270128398.0266,1482270128398.0266,1482270128398.0266,1482270128398.0266,1482270128398.0266,1482270128398.0266,1482270128398.0266
rubber and plastic products 22,0.0,0.0,0.0,0.0,0.0,0.0,0.0,0.0,0.0,0.0,0.0,0.0,0.0,0.0,0.0,0.0,0.0,0.0,0.0,0.0,0.0,0.0,0.0,0.0,0.0,0.0,0.0,0.0,0.0,0.0,0.0,0.0,0.0,0.0,0.0,0.0
glass and glass products 231,0.0,0.0,0.0,0.0,0.0,85186721865.33498,100912147686.7032,99926296006.39284,99926296006.39284,99926296006.39284,99926296006.39284,99926296006.39284,99926296006.39284,99926296006.39284,99926296006.39284,99926296006.39284,99926296006.39284,99926296006.39284,99926296006.39284,99926296006.39284,99926296006.39284,99926296006.39284,99926296006.39284,99926296006.39284,99926296006.39284,99926296006.39284,99926296006.39284,99926296006.39284,99926296006.39284,99926296006.39284,99926296006.39284,99926296006.39284,99926296006.39284,99926296006.39284,99926296006.39284,99926296006.39284
cement and other nonmetallic minerals 239,0.0,0.0,0.0,0.0,0.0,1001099670677.3529,1010610293864.8486,1259482124214.158,1259482124214.158,1259482124214.158,1259482124214.158,1259482124214.158,1259482124214.158,1259482124214.158,1259482124214.158,1259482124214.158,1259482124214.158,1259482124214.158,1259482124214.158,1259482124214.158,1259482124214.158,1259482124214.158,1259482124214.158,1259482124214.158,1259482124214.158,1259482124214.158,1259482124214.158,1259482124214.158,1259482124214.158,1259482124214.158,1259482124214.158,1259482124214.158,1259482124214.158,1259482124214.158,1259482124214.158,1259482124214.158
iron and steel 241,0.0,0.0,0.0,0.0,0.0,127966215978.0392,118073796982.6067,158385284362.58408,158385284362.58408,158385284362.58408,158385284362.58408,158385284362.58408,158385284362.58408,158385284362.58408,158385284362.58408,158385284362.58408,158385284362.58408,158385284362.58408,158385284362.58408,158385284362.58408,158385284362.58408,158385284362.58408,158385284362.58408,158385284362.58408,158385284362.58408,158385284362.58408,158385284362.58408,158385284362.58408,158385284362.58408,158385284362.58408,158385284362.58408,158385284362.58408,158385284362.58408,158385284362.58408,158385284362.58408,158385284362.58408
other metals 242,0.0,0.0,0.0,0.0,0.0,159679549559.60208,178365470223.096,129764160428.1063,129764160428.1063,129764160428.1063,129764160428.1063,129764160428.1063,129764160428.1063,129764160428.1063,129764160428.1063,129764160428.1063,129764160428.1063,129764160428.1063,129764160428.1063,129764160428.1063,129764160428.1063,129764160428.1063,129764160428.1063,129764160428.1063,129764160428.1063,129764160428.1063,129764160428.1063,129764160428.1063,129764160428.1063,129764160428.1063,129764160428.1063,129764160428.1063,129764160428.1063,129764160428.1063,129764160428.1063,129764160428.1063
metal products except machinery and vehicles 25,0.0,0.0,0.0,0.0,0.0,0.0,0.0,0.0,0.0,0.0,0.0,0.0,0.0,0.0,0.0,0.0,0.0,0.0,0.0,0.0,0.0,0.0,0.0,0.0,0.0,0.0,0.0,0.0,0.0,0.0,0.0,0.0,0.0,0.0,0.0,0.0
computers and electronics 26,0.0,0.0,0.0,0.0,0.0,0.0,0.0,0.0,0.0,0.0,0.0,0.0,0.0,0.0,0.0,0.0,0.0,0.0,0.0,0.0,0.0,0.0,0.0,0.0,0.0,0.0,0.0,0.0,0.0,0.0,0.0,0.0,0.0,0.0,0.0,0.0
appliances and electrical equipment 27,0.0,0.0,0.0,0.0,0.0,0.0,0.0,0.0,0.0,0.0,0.0,0.0,0.0,0.0,0.0,0.0,0.0,0.0,0.0,0.0,0.0,0.0,0.0,0.0,0.0,0.0,0.0,0.0,0.0,0.0,0.0,0.0,0.0,0.0,0.0,0.0
other machinery 28,0.0,0.0,0.0,0.0,0.0,0.0,0.0,0.0,0.0,0.0,0.0,0.0,0.0,0.0,0.0,0.0,0.0,0.0,0.0,0.0,0.0,0.0,0.0,0.0,0.0,0.0,0.0,0.0,0.0,0.0,0.0,0.0,0.0,0.0,0.0,0.0
road vehicles 29,0.0,0.0,0.0,0.0,0.0,0.0,0.0,0.0,0.0,0.0,0.0,0.0,0.0,0.0,0.0,0.0,0.0,0.0,0.0,0.0,0.0,0.0,0.0,0.0,0.0,0.0,0.0,0.0,0.0,0.0,0.0,0.0,0.0,0.0,0.0,0.0
nonroad vehicles 30,0.0,0.0,0.0,0.0,0.0,0.0,0.0,0.0,0.0,0.0,0.0,0.0,0.0,0.0,0.0,0.0,0.0,0.0,0.0,0.0,0.0,0.0,0.0,0.0,0.0,0.0,0.0,0.0,0.0,0.0,0.0,0.0,0.0,0.0,0.0,0.0
other manufacturing 31T33,0.0,0.0,0.0,0.0,0.0,0.0,0.0,0.0,0.0,0.0,0.0,0.0,0.0,0.0,0.0,0.0,0.0,0.0,0.0,0.0,0.0,0.0,0.0,0.0,0.0,0.0,0.0,0.0,0.0,0.0,0.0,0.0,0.0,0.0,0.0,0.0
energy pipelines and gas processing 352T353,0.0,0.0,0.0,0.0,0.0,70752637991.44641,55952872001.0215,58205307485.244995,58205307485.244995,58205307485.244995,58205307485.244995,58205307485.244995,58205307485.244995,58205307485.244995,58205307485.244995,58205307485.244995,58205307485.244995,58205307485.244995,58205307485.244995,58205307485.244995,58205307485.244995,58205307485.244995,58205307485.244995,58205307485.244995,58205307485.244995,58205307485.244995,58205307485.244995,58205307485.244995,58205307485.244995,58205307485.244995,58205307485.244995,58205307485.244995,58205307485.244995,58205307485.244995,58205307485.244995,58205307485.244995
water and waste 36T39,0.0,0.0,0.0,0.0,0.0,0.0,0.0,0.0,0.0,0.0,0.0,0.0,0.0,0.0,0.0,0.0,0.0,0.0,0.0,0.0,0.0,0.0,0.0,0.0,0.0,0.0,0.0,0.0,0.0,0.0,0.0,0.0,0.0,0.0,0.0,0.0
construction 41T43,0.0,0.0,0.0,0.0,0.0,0.0,0.0,0.0,0.0,0.0,0.0,0.0,0.0,0.0,0.0,0.0,0.0,0.0,0.0,0.0,0.0,0.0,0.0,0.0,0.0,0.0,0.0,0.0,0.0,0.0,0.0,0.0,0.0,0.0,0.0,0.0
