Unit: BTU,2024.0,2025.0,2026.0,2027.0,2028.0,2029.0,2030.0,2031.0,2032.0,2033.0,2034.0,2035.0,2036.0,2037.0,2038.0,2039.0,2040.0,2041.0,2042.0,2043.0,2044.0,2045.0,2046.0,2047.0,2048.0,2049.0,2050.0
agriculture and forestry 01T03,364043000000.0,344973000000.0,345019000000.0,350813000000.0,357837000000.0,362905000000.0,366899000000.0,371425000000.0,384509000000.0,383830000000.0,387218000000.0,390946000000.0,394490000000.0,400816000000.0,407225000000.0,412853000000.0,417021000000.0,419023000000.0,421713000000.0,424385000000.0,427580000000.0,431427000000.0,435513000000.0,439608000000.0,443758000000.0,447899000000.0,452105000000.0
coal mining 05,0.0,0.0,0.0,0.0,0.0,0.0,0.0,0.0,0.0,0.0,0.0,0.0,0.0,0.0,0.0,0.0,0.0,0.0,0.0,0.0,0.0,0.0,0.0,0.0,0.0,0.0,0.0
oil and gas extraction 06,331000000000.0,330017000000.0,342325000000.0,342598000000.0,344985000000.0,347007000000.0,351056000000.0,354752000000.0,357857000000.0,360337000000.0,363197000000.0,364380000000.0,365672000000.0,367082000000.0,368352000000.0,369855000000.0,372316000000.0,375154000000.0,376971000000.0,378889000000.0,380204000000.0,381280000000.0,382389000000.0,383785000000.0,384646000000.0,385170000000.0,385416000000.0
other mining and quarrying 07T08,2524870000000.0,2546130000000.0,2558380000000.0,2540050000000.0,2508270000000.0,2505090000000.0,2514020000000.0,2534860000000.0,2556880000000.0,2554740000000.0,2558220000000.0,2562390000000.0,2554920000000.0,2543640000000.0,2537180000000.0,2526950000000.0,2513120000000.0,2498850000000.0,2488750000000.0,2487230000000.0,2490710000000.0,2498490000000.0,2500750000000.0,2502200000000.0,2500330000000.0,2500480000000.0,2502070000000.0
food beverage and tobacco 10T12,19739300000000.0,19305000000000.0,19041800000000.0,19120500000000.0,19171100000000.0,19145300000000.0,19012900000000.0,18926900000000.0,18873900000000.0,18674500000000.0,18507700000000.0,18267400000000.0,18020700000000.0,17758600000000.0,17526800000000.0,17306200000000.0,17139300000000.0,17009500000000.0,16984800000000.0,16978000000000.0,16978300000000.0,16954700000000.0,16885500000000.0,16814600000000.0,16748600000000.0,16691600000000.0,16639900000000.0
textiles apparel and leather 13T15,1496060000000.0,1496060000000.0,1496060000000.0,1496060000000.0,1496060000000.0,1496060000000.0,1496060000000.0,1496060000000.0,1496060000000.0,1496060000000.0,1496060000000.0,1496060000000.0,1496060000000.0,1496060000000.0,1496060000000.0,1496060000000.0,1496060000000.0,1496060000000.0,1496060000000.0,1496060000000.0,1496060000000.0,1496060000000.0,1496060000000.0,1496060000000.0,1496060000000.0,1496060000000.0,1496060000000.0
wood products 16,468910000000.0,461205000000.0,457090000000.0,458918000000.0,459577000000.0,462893000000.0,462597000000.0,459095000000.0,459436000000.0,461249000000.0,462412000000.0,460968000000.0,458992000000.0,456520000000.0,453581000000.0,451020000000.0,448563000000.0,447445000000.0,447178000000.0,446549000000.0,445905000000.0,446993000000.0,447815000000.0,448311000000.0,448703000000.0,448881000000.0,449177000000.0
pulp paper and printing 17T18,19748100000000.0,18822900000000.0,18826800000000.0,19372700000000.0,19415000000000.0,19420100000000.0,19263500000000.0,19102900000000.0,18951600000000.0,18776100000000.0,18597900000000.0,18422500000000.0,18248100000000.0,18025200000000.0,17891100000000.0,17790000000000.0,17727600000000.0,17632800000000.0,17554300000000.0,17490200000000.0,17434500000000.0,17385800000000.0,17267100000000.0,17154400000000.0,17011100000000.0,16882400000000.0,16741600000000.0
refined petroleum and coke 19,5681560000000.0,5681560000000.0,5681560000000.0,5681560000000.0,5681560000000.0,5681560000000.0,5681560000000.0,5681560000000.0,5681560000000.0,5681560000000.0,5681560000000.0,5681560000000.0,5681560000000.0,5681560000000.0,5681560000000.0,5681560000000.0,5681560000000.0,5681560000000.0,5681560000000.0,5681560000000.0,5681560000000.0,5681560000000.0,5681560000000.0,5681560000000.0,5681560000000.0,5681560000000.0,5681560000000.0
chemicals 20,79330600000000.0,80396500000000.0,78087900000000.0,77124400000000.0,77235800000000.0,76455600000000.0,76604800000000.0,77222000000000.0,77656400000000.0,78009300000000.0,78558800000000.0,78985600000000.0,79408700000000.0,79506600000000.0,79775200000000.0,80515100000000.0,81307000000000.0,82304100000000.0,83762900000000.0,85201600000000.0,86751900000000.0,88394100000000.0,89958100000000.0,91573300000000.0,93056200000000.0,94317300000000.0,95893700000000.0
rubber and plastic products 22,2287080000000.0,2199370000000.0,2177700000000.0,2215220000000.0,2230570000000.0,2234860000000.0,2232560000000.0,2238980000000.0,2251830000000.0,2235470000000.0,2234690000000.0,2229080000000.0,2225840000000.0,2225060000000.0,2224620000000.0,2221340000000.0,2227390000000.0,2239830000000.0,2271670000000.0,2304860000000.0,2339580000000.0,2373140000000.0,2394600000000.0,2412960000000.0,2426650000000.0,2449430000000.0,2474980000000.0
glass and glass products 231,6131560000000.0,5982930000000.0,5916470000000.0,5821410000000.0,5706920000000.0,5594230000000.0,5486800000000.0,5385320000000.0,5296620000000.0,5219710000000.0,5155580000000.0,5097170000000.0,5037240000000.0,4978010000000.0,4920240000000.0,4868710000000.0,4819810000000.0,4775750000000.0,4735080000000.0,4700360000000.0,4668200000000.0,4638030000000.0,4610660000000.0,4585460000000.0,4562640000000.0,4538600000000.0,4516890000000.0
cement and other nonmetallic minerals 239,5368080000000.0,5391960000000.0,5267840000000.0,5425170000000.0,5660320000000.0,5894530000000.0,6095280000000.0,6379180000000.0,6633820000000.0,6876210000000.0,7110360000000.0,7337150000000.0,7551960000000.0,7766690000000.0,7976420000000.0,8187460000000.0,8330780000000.0,8470060000000.0,8582570000000.0,8573290000000.0,8552330000000.0,8609990000000.0,8684170000000.0,8768880000000.0,8862490000000.0,8960300000000.0,9065310000000.0
iron and steel 241,4382430000000.0,4501670000000.0,4549490000000.0,4662790000000.0,4588310000000.0,4568080000000.0,4595110000000.0,4601390000000.0,4631150000000.0,4650270000000.0,4629560000000.0,4630350000000.0,4607930000000.0,4597160000000.0,4575940000000.0,4550860000000.0,4550350000000.0,4558550000000.0,4569470000000.0,4572750000000.0,4577260000000.0,4607030000000.0,4621310000000.0,4648680000000.0,4667820000000.0,4666400000000.0,4682140000000.0
other metals 242,8890000000000.0,8712650000000.0,8683700000000.0,8768080000000.0,8845370000000.0,8895620000000.0,8931130000000.0,8975130000000.0,9038700000000.0,9103700000000.0,9185770000000.0,9284460000000.0,9382600000000.0,9476710000000.0,9572630000000.0,9662150000000.0,9759450000000.0,9863420000000.0,9973990000000.0,10084900000000.0,10191800000000.0,10290800000000.0,10378500000000.0,10458400000000.0,10529300000000.0,10593000000000.0,10654200000000.0
metal products except machinery and vehicles 25,2804340000000.0,2748380000000.0,2810770000000.0,2840120000000.0,2803780000000.0,2777840000000.0,2763900000000.0,2751480000000.0,2772170000000.0,2772050000000.0,2791080000000.0,2805960000000.0,2814350000000.0,2824210000000.0,2840720000000.0,2847690000000.0,2863720000000.0,2880930000000.0,2908000000000.0,2937770000000.0,2979220000000.0,3018650000000.0,3051080000000.0,3067950000000.0,3076900000000.0,3106810000000.0,3135500000000.0
computers and electronics 26,22995900000.0,22193000000.0,22609400000.0,22928300000.0,22950300000.0,23006900000.0,22821500000.0,22612500000.0,22826200000.0,22648600000.0,22834100000.0,22901600000.0,22959800000.0,23039900000.0,23153000000.0,23305400000.0,23506600000.0,23764300000.0,24259200000.0,24813900000.0,25426700000.0,26006500000.0,26518700000.0,26974400000.0,27420700000.0,27901500000.0,28355600000.0
appliances and electrical equipment 27,393278000000.0,378759000000.0,376393000000.0,372852000000.0,366108000000.0,363119000000.0,366927000000.0,369614000000.0,374151000000.0,373350000000.0,373154000000.0,374169000000.0,374453000000.0,374418000000.0,373955000000.0,373653000000.0,374151000000.0,374702000000.0,376304000000.0,377834000000.0,379435000000.0,381232000000.0,383421000000.0,385467000000.0,387104000000.0,388510000000.0,389488000000.0
other machinery 28,119639000000.0,112070000000.0,110266000000.0,112572000000.0,114293000000.0,116022000000.0,117228000000.0,119093000000.0,121126000000.0,120955000000.0,121751000000.0,122996000000.0,123934000000.0,124475000000.0,124616000000.0,124558000000.0,124994000000.0,125469000000.0,126112000000.0,126609000000.0,127115000000.0,127771000000.0,128549000000.0,129394000000.0,129936000000.0,130310000000.0,130521000000.0
road vehicles 29,2525850000000.0,2525850000000.0,2525850000000.0,2525850000000.0,2525850000000.0,2525850000000.0,2525850000000.0,2525850000000.0,2525850000000.0,2525850000000.0,2525850000000.0,2525850000000.0,2525850000000.0,2525850000000.0,2525850000000.0,2525850000000.0,2525850000000.0,2525850000000.0,2525850000000.0,2525850000000.0,2525850000000.0,2525850000000.0,2525850000000.0,2525850000000.0,2525850000000.0,2525850000000.0,2525850000000.0
nonroad vehicles 30,10996600000.0,10996600000.0,10996600000.0,10996600000.0,10996600000.0,10996600000.0,10996600000.0,10996600000.0,10996600000.0,10996600000.0,10996600000.0,10996600000.0,10996600000.0,10996600000.0,10996600000.0,10996600000.0,10996600000.0,10996600000.0,10996600000.0,10996600000.0,10996600000.0,10996600000.0,10996600000.0,10996600000.0,10996600000.0,10996600000.0,10996600000.0
other manufacturing 31T33,114916000000.0,109500000000.0,108752000000.0,109016000000.0,107885000000.0,106937000000.0,106509000000.0,106106000000.0,105585000000.0,104071000000.0,102821000000.0,101505000000.0,100067000000.0,98745100000.0,97620200000.0,96367700000.0,95650500000.0,95199500000.0,95201000000.0,95287200000.0,95476600000.0,95713100000.0,95565800000.0,95333500000.0,94894600000.0,94862700000.0,94614000000.0
energy pipelines and gas processing 352T353,18963000000000.0,18963000000000.0,18188400000000.0,19430000000000.0,19979400000000.0,20797900000000.0,23231700000000.0,24439800000000.0,25491600000000.0,26221900000000.0,27428100000000.0,28374100000000.0,29298500000000.0,30007300000000.0,30660900000000.0,31359200000000.0,31922700000000.0,32479800000000.0,33049400000000.0,33633100000000.0,34185200000000.0,34573700000000.0,35016400000000.0,35457900000000.0,35776200000000.0,35783300000000.0,35862000000000.0
water and waste 36T39,560000000000.0,562633000000.0,565267000000.0,567900000000.0,570533000000.0,573167000000.0,575800000000.0,577873000000.0,579946000000.0,582020000000.0,584093000000.0,586166000000.0,588239000000.0,590313000000.0,592386000000.0,594459000000.0,596532000000.0,598092000000.0,599651000000.0,601210000000.0,602769000000.0,604328000000.0,605888000000.0,607447000000.0,609006000000.0,610565000000.0,612124000000.0
construction 41T43,2070330000000.0,2031190000000.0,2017340000000.0,2026220000000.0,2034990000000.0,2058050000000.0,2081930000000.0,2104330000000.0,2126610000000.0,2135440000000.0,2136830000000.0,2141940000000.0,2144030000000.0,2140940000000.0,2135570000000.0,2128560000000.0,2118150000000.0,2106280000000.0,2102140000000.0,2097220000000.0,2095080000000.0,2100850000000.0,2107380000000.0,2112730000000.0,2118430000000.0,2126400000000.0,2137130000000.0
